investor_id,avg_days_between_investments,is_at_risk
INV000002,82.8,True
INV000004,53.4,True
INV000005,52.0,True
INV000006,99.0,True
INV000008,50.3,True
INV000009,80.8,True
INV000010,32.8,False
INV000011,45.2,True
INV000012,41.4,True
INV000013,36.9,True
INV000014,47.1,True
INV000020,57.8,True
INV000021,75.4,True
INV000022,95.8,True
INV000023,45.6,True
INV000024,43.3,True
INV000026,72.3,True
INV000027,58.5,True
INV000028,58.5,True
INV000029,36.4,True
INV000030,38.3,True
INV000031,85.0,True
INV000032,67.7,True
INV000033,46.2,True
INV000038,64.2,True
INV000039,52.9,True
INV000040,51.6,True
INV000041,68.6,True
INV000044,89.0,True
INV000045,39.2,True
INV000046,72.0,True
INV000048,36.8,True
INV000051,63.2,True
INV000052,46.0,True
INV000054,56.0,True
INV000055,36.4,True
INV000056,66.9,True
INV000057,34.8,False
INV000058,56.8,True
INV000062,66.3,True
INV000065,91.8,True
INV000066,40.8,True
INV000069,40.2,True
INV000071,14.3,False
INV000072,46.7,True
INV000073,45.7,True
INV000074,50.8,True
INV000075,62.3,True
INV000076,58.4,True
INV000079,56.1,True
INV000081,48.8,True
INV000082,62.8,True
INV000084,76.5,True
INV000085,52.1,True
INV000086,36.5,True
INV000087,51.6,True
INV000089,49.1,True
INV000090,48.5,True
INV000091,45.6,True
INV000093,49.3,True
INV000094,44.8,True
INV000095,52.4,True
INV000097,45.7,True
INV000098,66.8,True
INV000099,52.4,True
INV000100,61.4,True
INV000101,42.2,True
INV000102,45.7,True
INV000103,63.9,True
INV000104,45.0,True
INV000105,44.3,True
INV000108,45.6,True
INV000109,41.1,True
INV000113,55.6,True
INV000115,94.0,True
INV000117,54.9,True
INV000118,50.6,True
INV000123,44.8,True
INV000124,86.8,True
INV000125,57.2,True
INV000128,45.6,True
INV000129,49.1,True
INV000130,38.2,True
INV000131,37.7,True
INV000132,46.1,True
INV000133,73.5,True
INV000137,41.8,True
INV000138,45.4,True
INV000143,51.3,True
INV000144,73.0,True
INV000145,55.9,True
INV000146,47.7,True
INV000147,58.0,True
INV000148,46.2,True
INV000150,58.0,True
INV000151,66.8,True
INV000153,31.4,False
INV000154,59.1,True
INV000155,55.3,True
INV000156,79.8,True
INV000158,63.7,True
INV000161,54.8,True
INV000163,47.4,True
INV000164,61.8,True
INV000165,58.9,True
INV000166,83.0,True
INV000167,63.0,True
INV000169,41.2,True
INV000173,34.6,False
INV000174,68.3,True
INV000175,45.6,True
INV000177,45.8,True
INV000179,35.8,True
INV000180,47.9,True
INV000181,52.3,True
INV000182,55.2,True
INV000183,41.5,True
INV000189,91.6,True
INV000190,65.7,True
INV000191,42.4,True
INV000192,57.0,True
INV000193,58.2,True
INV000194,33.7,False
INV000195,45.8,True
INV000196,56.8,True
INV000199,64.3,True
INV000200,69.8,True
INV000201,48.7,True
INV000203,39.9,True
INV000204,69.0,True
INV000205,48.7,True
INV000210,61.9,True
INV000211,61.0,True
INV000213,54.0,True
INV000214,52.7,True
INV000215,56.4,True
INV000216,53.0,True
INV000217,46.0,True
INV000220,80.6,True
INV000221,38.4,True
INV000222,45.6,True
INV000223,49.8,True
INV000224,57.5,True
INV000225,53.7,True
INV000226,69.6,True
INV000228,43.5,True
INV000229,46.3,True
INV000230,50.7,True
INV000231,34.1,False
INV000234,81.2,True
INV000235,42.1,True
INV000236,67.1,True
INV000238,52.0,True
INV000239,34.2,False
INV000241,40.9,True
INV000242,49.6,True
INV000243,63.0,True
INV000244,34.0,False
INV000245,46.1,True
INV000249,39.0,True
INV000251,65.0,True
INV000252,36.8,True
INV000255,56.0,True
INV000256,38.5,True
INV000257,53.3,True
INV000259,44.1,True
INV000260,37.9,True
INV000261,50.4,True
INV000262,34.1,False
INV000263,59.9,True
INV000265,43.7,True
INV000266,62.2,True
INV000267,34.5,False
INV000268,43.2,True
INV000270,48.8,True
INV000271,93.6,True
INV000274,89.2,True
INV000276,68.4,True
INV000278,67.0,True
INV000279,31.5,False
INV000280,40.5,True
INV000283,46.5,True
INV000284,63.7,True
INV000286,79.5,True
INV000287,52.4,True
INV000288,57.1,True
INV000289,39.9,True
INV000291,55.6,True
INV000292,35.8,True
INV000293,45.5,True
INV000294,62.3,True
INV000296,58.6,True
INV000297,56.6,True
INV000298,74.0,True
INV000299,48.8,True
INV000301,45.7,True
INV000303,88.4,True
INV000304,53.1,True
INV000305,44.0,True
INV000307,75.7,True
INV000308,82.7,True
INV000309,41.5,True
INV000310,41.4,True
INV000312,68.4,True
INV000314,50.2,True
INV000316,77.0,True
INV000318,69.6,True
INV000319,55.1,True
INV000320,38.2,True
INV000321,44.3,True
INV000323,59.6,True
INV000326,74.4,True
INV000328,29.5,False
INV000330,55.6,True
INV000331,47.7,True
INV000332,64.4,True
INV000333,90.2,True
INV000334,26.6,False
INV000335,48.0,True
INV000337,69.0,True
INV000339,57.1,True
INV000340,25.6,False
INV000341,46.1,True
INV000344,41.2,True
INV000346,52.8,True
INV000349,45.2,True
INV000351,49.6,True
INV000352,64.6,True
INV000354,78.2,True
INV000356,38.9,True
INV000359,48.1,True
INV000360,61.1,True
INV000361,46.0,True
INV000363,66.0,True
INV000366,35.1,True
INV000369,37.7,True
INV000370,93.4,True
INV000371,41.5,True
INV000372,42.9,True
INV000374,55.9,True
INV000377,61.4,True
INV000378,47.0,True
INV000380,80.8,True
INV000383,52.3,True
INV000384,57.8,True
INV000387,48.0,True
INV000388,47.7,True
INV000389,95.0,True
INV000390,52.4,True
INV000392,42.7,True
INV000393,75.3,True
INV000394,44.1,True
INV000395,51.5,True
INV000396,44.6,True
INV000397,87.2,True
INV000399,44.6,True
INV000400,34.8,False
INV000402,47.0,True
INV000403,43.2,True
INV000407,66.7,True
INV000408,55.5,True
INV000410,56.3,True
INV000411,57.4,True
INV000412,38.2,True
INV000413,51.6,True
INV000414,46.4,True
INV000415,52.7,True
INV000417,52.2,True
INV000418,55.6,True
INV000421,80.2,True
INV000425,56.3,True
INV000427,41.1,True
INV000428,48.1,True
INV000429,55.6,True
INV000430,94.6,True
INV000431,59.3,True
INV000432,78.3,True
INV000436,58.4,True
INV000437,61.1,True
INV000439,34.5,False
INV000440,44.8,True
INV000441,60.7,True
INV000444,36.6,True
INV000445,46.2,True
INV000446,40.9,True
INV000449,69.7,True
INV000452,35.9,True
INV000453,42.0,True
INV000454,93.0,True
INV000456,47.4,True
INV000457,41.5,True
INV000458,42.0,True
INV000460,43.1,True
INV000463,43.4,True
INV000466,48.9,True
INV000467,56.7,True
INV000469,38.5,True
INV000473,49.6,True
INV000477,44.7,True
INV000480,56.6,True
INV000481,52.1,True
INV000482,47.0,True
INV000483,49.3,True
INV000485,85.8,True
INV000487,76.5,True
INV000488,75.2,True
INV000491,43.2,True
INV000492,74.3,True
INV000493,38.9,True
INV000494,55.2,True
INV000495,38.5,True
INV000496,54.2,True
INV000497,54.2,True
INV000499,58.4,True
INV000500,52.9,True
INV000505,82.0,True
INV000507,56.4,True
INV000511,62.6,True
INV000512,42.5,True
INV000514,43.1,True
INV000519,74.2,True
INV000520,68.2,True
INV000521,43.2,True
INV000522,45.8,True
INV000523,53.1,True
INV000524,41.2,True
INV000525,49.1,True
INV000526,44.3,True
INV000527,50.2,True
INV000529,41.3,True
INV000531,28.4,False
INV000532,48.3,True
INV000533,65.7,True
INV000535,97.4,True
INV000539,57.8,True
INV000540,48.4,True
INV000543,71.7,True
INV000544,62.3,True
INV000545,50.7,True
INV000546,40.0,True
INV000547,43.7,True
INV000548,67.3,True
INV000549,53.4,True
INV000552,55.1,True
INV000553,60.0,True
INV000554,39.0,True
INV000556,41.3,True
INV000557,88.0,True
INV000558,61.4,True
INV000562,62.0,True
INV000563,41.6,True
INV000566,39.6,True
INV000567,40.5,True
INV000568,39.0,True
INV000569,42.2,True
INV000570,47.1,True
INV000573,27.7,False
INV000575,52.7,True
INV000576,52.8,True
INV000577,43.4,True
INV000578,45.8,True
INV000580,49.2,True
INV000581,42.7,True
INV000583,51.8,True
INV000584,63.9,True
INV000585,61.1,True
INV000586,44.5,True
INV000587,33.8,False
INV000589,47.3,True
INV000591,55.3,True
INV000593,43.8,True
INV000595,53.4,True
INV000596,43.3,True
INV000597,63.3,True
INV000598,93.6,True
INV000599,54.3,True
INV000600,88.8,True
INV000601,32.7,False
INV000602,45.8,True
INV000604,42.6,True
INV000606,38.3,True
INV000607,50.2,True
INV000608,83.5,True
INV000609,26.1,False
INV000611,69.2,True
INV000612,44.8,True
INV000614,26.0,False
INV000615,46.1,True
INV000616,61.5,True
INV000619,26.0,False
INV000621,47.1,True
INV000623,48.4,True
INV000624,43.8,True
INV000625,41.5,True
INV000626,73.4,True
INV000629,75.6,True
INV000630,54.2,True
INV000631,41.4,True
INV000633,86.2,True
INV000634,41.8,True
INV000635,53.6,True
INV000636,54.4,True
INV000637,64.2,True
INV000638,71.0,True
INV000639,50.8,True
INV000641,44.9,True
INV000642,50.2,True
INV000643,51.5,True
INV000644,69.4,True
INV000645,30.0,False
INV000646,37.6,True
INV000649,52.2,True
INV000651,70.9,True
INV000652,43.4,True
INV000654,91.4,True
INV000656,62.3,True
INV000657,50.3,True
INV000658,47.4,True
INV000660,42.0,True
INV000661,60.4,True
INV000662,46.3,True
INV000663,94.4,True
INV000664,46.7,True
INV000665,29.6,False
INV000666,62.2,True
INV000667,43.5,True
INV000671,38.7,True
INV000673,92.8,True
INV000675,36.6,True
INV000676,32.1,False
INV000678,38.0,True
INV000682,96.6,True
INV000683,50.6,True
INV000689,46.7,True
INV000690,45.9,True
INV000691,52.9,True
INV000693,44.3,True
INV000694,82.5,True
INV000695,63.3,True
INV000698,38.0,True
INV000699,36.4,True
INV000701,50.2,True
INV000703,84.0,True
INV000704,50.6,True
INV000706,54.5,True
INV000707,45.0,True
INV000708,66.0,True
INV000709,39.5,True
INV000710,73.8,True
INV000711,60.0,True
INV000714,26.9,False
INV000715,55.3,True
INV000717,77.7,True
INV000718,38.6,True
INV000719,40.7,True
INV000720,70.7,True
INV000721,78.0,True
INV000722,52.1,True
INV000723,86.6,True
INV000724,50.8,True
INV000725,58.0,True
INV000726,69.5,True
INV000728,39.1,True
INV000732,42.3,True
INV000733,74.5,True
INV000734,46.3,True
INV000735,61.4,True
INV000736,44.3,True
INV000737,66.1,True
INV000738,49.6,True
INV000739,60.7,True
INV000741,65.7,True
INV000742,83.0,True
INV000744,28.2,False
INV000745,88.8,True
INV000746,60.5,True
INV000747,45.7,True
INV000749,40.5,True
INV000750,35.4,True
INV000751,42.4,True
INV000752,78.7,True
INV000753,50.7,True
INV000754,44.7,True
INV000755,66.2,True
INV000757,83.4,True
INV000758,50.4,True
INV000759,49.8,True
INV000761,49.4,True
INV000764,57.6,True
INV000765,43.0,True
INV000767,94.2,True
INV000768,38.2,True
INV000769,76.7,True
INV000772,36.4,True
INV000774,55.2,True
INV000776,42.1,True
INV000777,47.1,True
INV000778,48.1,True
INV000779,40.4,True
INV000782,35.4,True
INV000783,44.4,True
INV000784,62.4,True
INV000785,38.9,True
INV000786,57.0,True
INV000788,52.5,True
INV000789,44.3,True
INV000791,56.1,True
INV000793,48.4,True
INV000799,80.8,True
INV000803,57.9,True
INV000804,92.2,True
INV000806,34.1,False
INV000810,38.0,True
INV000811,58.2,True
INV000813,62.1,True
INV000814,78.3,True
INV000819,48.0,True
INV000821,44.5,True
INV000822,41.6,True
INV000823,35.4,True
INV000826,74.5,True
INV000827,45.3,True
INV000829,58.9,True
INV000830,44.4,True
INV000831,54.0,True
INV000833,56.4,True
INV000836,70.7,True
INV000840,62.9,True
INV000841,71.3,True
INV000843,35.8,True
INV000844,44.1,True
INV000845,46.5,True
INV000847,26.9,False
INV000849,47.2,True
INV000850,28.6,False
INV000851,53.4,True
INV000853,40.4,True
INV000854,54.4,True
INV000856,55.0,True
INV000857,52.1,True
INV000858,35.9,True
INV000860,47.4,True
INV000861,54.9,True
INV000862,59.6,True
INV000864,42.0,True
INV000865,40.4,True
INV000869,37.2,True
INV000870,70.4,True
INV000873,49.0,True
INV000874,45.2,True
INV000876,37.0,True
INV000877,37.1,True
INV000880,84.8,True
INV000881,37.7,True
INV000885,87.0,True
INV000887,40.6,True
INV000888,60.2,True
INV000890,43.3,True
INV000891,55.0,True
INV000892,77.0,True
INV000893,45.4,True
INV000894,43.5,True
INV000895,63.6,True
INV000901,45.2,True
INV000902,43.1,True
INV000906,36.8,True
INV000907,40.5,True
INV000909,82.8,True
INV000912,41.5,True
INV000913,76.3,True
INV000914,55.5,True
INV000915,78.2,True
INV000919,58.5,True
INV000920,47.2,True
INV000921,76.2,True
INV000925,59.6,True
INV000926,57.1,True
INV000927,25.5,False
INV000929,39.7,True
INV000930,23.9,False
INV000931,49.3,True
INV000933,55.4,True
INV000935,24.7,False
INV000939,45.0,True
INV000941,95.0,True
INV000942,39.6,True
INV000944,68.4,True
INV000946,60.0,True
INV000947,64.3,True
INV000949,40.5,True
INV000950,48.6,True
INV000954,56.3,True
INV000957,52.6,True
INV000958,90.6,True
INV000959,45.1,True
INV000960,60.9,True
INV000962,57.6,True
INV000966,39.2,True
INV000968,48.6,True
INV000969,48.3,True
INV000970,45.4,True
INV000971,36.0,True
INV000972,38.1,True
INV000974,63.0,True
INV000977,39.9,True
INV000978,46.8,True
INV000979,59.4,True
INV000980,36.8,True
INV000981,30.4,False
INV000984,44.5,True
INV000985,73.2,True
INV000986,45.6,True
INV000988,66.7,True
INV000989,83.0,True
INV000992,83.2,True
INV000994,40.2,True
INV000995,21.9,False
INV000997,55.1,True
INV000999,47.1,True
INV001001,40.5,True
INV001002,46.4,True
INV001005,46.8,True
INV001006,93.0,True
INV001008,48.6,True
INV001009,42.3,True
INV001011,99.4,True
INV001012,32.4,False
INV001013,53.8,True
INV001014,77.7,True
INV001015,36.0,True
INV001017,68.5,True
INV001019,35.9,True
INV001020,53.8,True
INV001021,45.8,True
INV001023,46.1,True
INV001024,51.3,True
INV001025,32.6,False
INV001026,47.8,True
INV001027,70.6,True
INV001029,46.9,True
INV001031,48.2,True
INV001034,69.2,True
INV001036,54.7,True
INV001037,42.6,True
INV001039,47.9,True
INV001041,71.1,True
INV001042,49.5,True
INV001043,71.0,True
INV001045,71.1,True
INV001047,55.7,True
INV001048,35.3,True
INV001049,69.7,True
INV001051,37.9,True
INV001053,51.7,True
INV001055,51.8,True
INV001058,44.8,True
INV001060,38.8,True
INV001061,40.9,True
INV001062,52.5,True
INV001063,30.7,False
INV001064,43.3,True
INV001067,41.7,True
INV001068,99.2,True
INV001069,35.2,True
INV001070,44.1,True
INV001074,44.7,True
INV001075,51.0,True
INV001077,46.8,True
INV001079,46.1,True
INV001080,52.1,True
INV001081,79.0,True
INV001083,43.2,True
INV001087,63.5,True
INV001088,74.3,True
INV001091,71.8,True
INV001092,42.2,True
INV001093,57.9,True
INV001094,77.5,True
INV001096,51.9,True
INV001099,31.9,False
INV001101,85.4,True
INV001102,50.7,True
INV001103,47.6,True
INV001109,90.4,True
INV001111,96.6,True
INV001112,40.0,True
INV001113,48.5,True
INV001115,45.8,True
INV001116,42.3,True
INV001117,54.0,True
INV001118,49.0,True
INV001123,56.8,True
INV001124,79.7,True
INV001128,44.2,True
INV001130,46.6,True
INV001131,53.9,True
INV001133,41.6,True
INV001137,34.3,False
INV001138,50.5,True
INV001140,56.6,True
INV001141,69.7,True
INV001142,49.5,True
INV001144,64.4,True
INV001152,46.6,True
INV001155,69.1,True
INV001156,56.9,True
INV001157,33.6,False
INV001160,52.8,True
INV001161,57.6,True
INV001163,43.5,True
INV001165,57.5,True
INV001166,54.0,True
INV001167,96.2,True
INV001168,76.2,True
INV001170,49.1,True
INV001173,55.8,True
INV001174,58.8,True
INV001175,78.7,True
INV001178,43.5,True
INV001180,61.9,True
INV001181,59.0,True
INV001182,71.0,True
INV001183,55.8,True
INV001185,50.1,True
INV001186,44.6,True
INV001189,46.6,True
INV001190,80.8,True
INV001192,81.4,True
INV001195,34.3,False
INV001196,92.2,True
INV001197,49.9,True
INV001198,48.4,True
INV001202,50.8,True
INV001204,75.8,True
INV001206,38.0,True
INV001207,50.8,True
INV001208,37.3,True
INV001210,26.8,False
INV001212,45.1,True
INV001213,53.9,True
INV001215,97.0,True
INV001217,39.1,True
INV001218,49.2,True
INV001219,36.9,True
INV001220,57.9,True
INV001221,64.6,True
INV001222,68.6,True
INV001223,42.5,True
INV001224,40.6,True
INV001225,53.1,True
INV001227,39.7,True
INV001228,43.2,True
INV001232,87.8,True
INV001233,55.5,True
INV001234,40.7,True
INV001235,47.2,True
INV001236,73.3,True
INV001237,81.7,True
INV001238,37.4,True
INV001241,33.0,False
INV001242,47.3,True
INV001244,34.2,False
INV001246,80.0,True
INV001247,44.3,True
INV001249,71.6,True
INV001250,82.2,True
INV001251,54.2,True
INV001255,70.8,True
INV001257,52.4,True
INV001259,43.8,True
INV001260,68.3,True
INV001261,55.5,True
INV001262,50.9,True
INV001264,44.9,True
INV001265,57.5,True
INV001269,56.4,True
INV001274,45.4,True
INV001275,39.0,True
INV001280,83.6,True
INV001281,88.8,True
INV001282,54.9,True
INV001284,50.6,True
INV001287,57.6,True
INV001288,39.1,True
INV001291,63.5,True
INV001295,45.1,True
INV001298,43.1,True
INV001299,40.4,True
INV001300,75.0,True
INV001304,44.4,True
INV001308,41.6,True
INV001310,58.0,True
INV001312,43.7,True
INV001314,50.4,True
INV001315,48.9,True
INV001316,51.3,True
INV001317,42.4,True
INV001318,41.6,True
INV001319,33.6,False
INV001320,45.2,True
INV001321,75.8,True
INV001322,80.8,True
INV001325,82.5,True
INV001326,44.2,True
INV001329,46.9,True
INV001331,52.8,True
INV001332,60.0,True
INV001333,45.5,True
INV001334,50.3,True
INV001336,57.6,True
INV001342,54.2,True
INV001343,56.0,True
INV001345,65.0,True
INV001346,76.5,True
INV001348,40.9,True
INV001350,71.1,True
INV001351,40.9,True
INV001352,64.8,True
INV001353,57.3,True
INV001354,53.1,True
INV001355,40.2,True
INV001356,39.6,True
INV001359,54.4,True
INV001361,37.9,True
INV001363,50.7,True
INV001366,54.4,True
INV001367,82.5,True
INV001369,50.6,True
INV001370,81.0,True
INV001374,55.8,True
INV001375,44.9,True
INV001376,78.7,True
INV001377,65.1,True
INV001378,79.2,True
INV001379,48.3,True
INV001383,44.0,True
INV001384,43.6,True
INV001386,51.8,True
INV001387,57.2,True
INV001388,70.6,True
INV001389,87.0,True
INV001390,82.0,True
INV001391,68.7,True
INV001392,52.0,True
INV001394,55.6,True
INV001395,56.0,True
INV001397,48.1,True
INV001398,45.5,True
INV001399,62.3,True
INV001400,38.4,True
INV001401,38.1,True
INV001402,61.6,True
INV001406,39.0,True
INV001407,39.6,True
INV001409,32.3,False
INV001410,61.0,True
INV001411,65.1,True
INV001413,56.0,True
INV001415,53.0,True
INV001418,57.6,True
INV001419,61.3,True
INV001421,63.1,True
INV001423,34.0,False
INV001424,93.0,True
INV001428,44.2,True
INV001432,59.5,True
INV001433,99.2,True
INV001434,60.4,True
INV001439,56.3,True
INV001442,41.5,True
INV001443,57.2,True
INV001448,47.8,True
INV001449,48.5,True
INV001454,62.6,True
INV001455,41.2,True
INV001456,52.4,True
INV001457,38.1,True
INV001458,32.6,False
INV001460,33.4,False
INV001462,55.0,True
INV001465,52.0,True
INV001466,26.7,False
INV001467,54.3,True
INV001470,72.3,True
INV001472,49.4,True
INV001473,81.3,True
INV001478,79.7,True
INV001480,47.8,True
INV001481,49.8,True
INV001482,57.6,True
INV001483,84.6,True
INV001485,48.9,True
INV001491,70.6,True
INV001496,40.1,True
INV001497,45.8,True
INV001498,68.8,True
INV001499,41.8,True
INV001500,63.9,True
INV001501,52.8,True
INV001503,44.8,True
INV001504,48.2,True
INV001506,78.2,True
INV001507,39.2,True
INV001508,55.9,True
INV001510,44.6,True
INV001512,47.7,True
INV001513,60.6,True
INV001514,38.9,True
INV001516,56.6,True
INV001518,46.2,True
INV001521,47.2,True
INV001524,63.5,True
INV001525,60.8,True
INV001526,29.3,False
INV001528,48.0,True
INV001530,48.5,True
INV001532,47.4,True
INV001534,64.4,True
INV001536,41.4,True
INV001538,65.5,True
INV001543,56.2,True
INV001544,42.6,True
INV001545,46.4,True
INV001547,43.8,True
INV001548,57.6,True
INV001549,50.1,True
INV001550,47.4,True
INV001551,55.9,True
INV001553,44.9,True
INV001555,91.0,True
INV001557,80.3,True
INV001558,38.7,True
INV001560,98.2,True
INV001561,55.9,True
INV001562,39.8,True
INV001564,39.2,True
INV001567,50.2,True
INV001569,69.5,True
INV001570,59.9,True
INV001573,42.1,True
INV001574,42.7,True
INV001575,52.6,True
INV001576,75.3,True
INV001579,41.6,True
INV001580,40.6,True
INV001583,56.1,True
INV001585,35.4,True
INV001587,40.1,True
INV001588,69.5,True
INV001591,32.0,False
INV001592,19.0,False
INV001594,76.8,True
INV001595,69.3,True
INV001596,76.4,True
INV001597,43.4,True
INV001598,50.5,True
INV001599,44.5,True
INV001602,42.6,True
INV001603,33.3,False
INV001605,49.9,True
INV001606,58.0,True
INV001608,36.0,True
INV001609,52.8,True
INV001611,42.7,True
INV001612,50.2,True
INV001615,44.0,True
INV001616,38.5,True
INV001618,59.7,True
INV001619,70.0,True
INV001620,43.0,True
INV001623,46.9,True
INV001624,34.0,False
INV001625,39.6,True
INV001627,70.8,True
INV001628,32.9,False
INV001629,44.4,True
INV001631,45.6,True
INV001635,73.0,True
INV001636,39.1,True
INV001637,90.4,True
INV001639,69.4,True
INV001640,28.0,False
INV001641,54.6,True
INV001643,49.3,True
INV001644,41.0,True
INV001645,54.3,True
INV001648,58.6,True
INV001649,42.3,True
INV001650,49.2,True
INV001651,47.2,True
INV001652,46.8,True
INV001653,55.1,True
INV001654,38.2,True
INV001656,51.3,True
INV001658,42.2,True
INV001660,78.8,True
INV001662,41.4,True
INV001663,46.6,True
INV001666,58.2,True
INV001670,36.5,True
INV001671,62.0,True
INV001672,24.7,False
INV001673,49.3,True
INV001674,76.8,True
INV001679,76.5,True
INV001680,42.8,True
INV001683,62.1,True
INV001689,45.5,True
INV001690,60.9,True
INV001691,57.8,True
INV001692,44.1,True
INV001694,51.4,True
INV001695,21.4,False
INV001696,87.8,True
INV001697,45.5,True
INV001699,59.4,True
INV001701,45.7,True
INV001705,47.6,True
INV001706,43.2,True
INV001709,37.0,True
INV001711,65.8,True
INV001712,47.6,True
INV001713,45.9,True
INV001715,68.3,True
INV001718,52.5,True
INV001720,68.4,True
INV001721,81.7,True
INV001723,83.7,True
INV001724,52.2,True
INV001725,44.6,True
INV001728,35.4,True
INV001732,92.2,True
INV001735,79.0,True
INV001736,65.0,True
INV001737,42.6,True
INV001738,40.1,True
INV001739,46.7,True
INV001740,48.8,True
INV001741,45.2,True
INV001742,52.4,True
INV001743,44.0,True
INV001744,42.8,True
INV001746,32.1,False
INV001747,68.9,True
INV001748,39.1,True
INV001751,39.1,True
INV001752,37.8,True
INV001753,42.8,True
INV001757,35.4,True
INV001758,36.2,True
INV001759,40.5,True
INV001762,47.6,True
INV001763,59.7,True
INV001765,67.6,True
INV001769,70.0,True
INV001770,71.1,True
INV001771,64.1,True
INV001772,52.8,True
INV001775,29.1,False
INV001777,46.1,True
INV001778,40.5,True
INV001780,54.8,True
INV001782,52.0,True
INV001783,58.9,True
INV001784,39.8,True
INV001787,60.0,True
INV001790,44.6,True
INV001792,58.4,True
INV001794,45.6,True
INV001796,73.5,True
INV001797,47.8,True
INV001798,54.0,True
INV001799,73.2,True
INV001800,42.0,True
INV001801,68.6,True
INV001802,49.0,True
INV001803,36.9,True
INV001804,42.9,True
INV001805,62.2,True
INV001806,47.7,True
INV001809,79.7,True
INV001810,45.3,True
INV001811,44.8,True
INV001813,63.0,True
INV001814,44.9,True
INV001815,60.3,True
INV001816,41.5,True
INV001820,40.5,True
INV001822,23.3,False
INV001823,37.0,True
INV001824,91.2,True
INV001825,46.6,True
INV001826,33.1,False
INV001827,95.0,True
INV001828,44.4,True
INV001829,67.5,True
INV001831,45.5,True
INV001832,60.0,True
INV001833,41.8,True
INV001834,62.0,True
INV001835,78.0,True
INV001836,37.2,True
INV001837,42.3,True
INV001841,35.1,True
INV001842,47.4,True
INV001843,50.6,True
INV001844,51.6,True
INV001848,60.1,True
INV001849,84.8,True
INV001851,56.1,True
INV001852,71.7,True
INV001853,30.2,False
INV001856,53.6,True
INV001857,45.1,True
INV001858,47.3,True
INV001859,82.5,True
INV001861,39.8,True
INV001865,47.6,True
INV001866,46.1,True
INV001867,89.6,True
INV001868,91.6,True
INV001870,65.1,True
INV001871,42.6,True
INV001874,52.3,True
INV001875,73.0,True
INV001877,54.8,True
INV001879,58.5,True
INV001880,49.1,True
INV001881,74.6,True
INV001883,70.9,True
INV001885,45.1,True
INV001886,45.1,True
INV001887,78.0,True
INV001888,65.4,True
INV001890,85.5,True
INV001891,60.2,True
INV001893,54.6,True
INV001895,61.6,True
INV001896,47.0,True
INV001897,52.8,True
INV001899,69.3,True
INV001903,38.2,True
INV001909,48.3,True
INV001912,45.4,True
INV001913,64.6,True
INV001914,42.2,True
INV001916,45.9,True
INV001917,40.4,True
INV001920,30.0,False
INV001921,43.6,True
INV001922,68.7,True
INV001923,44.0,True
INV001924,60.9,True
INV001926,46.4,True
INV001927,42.2,True
INV001928,83.8,True
INV001929,45.1,True
INV001930,97.0,True
INV001933,61.7,True
INV001937,48.3,True
INV001938,32.9,False
INV001940,56.1,True
INV001943,62.0,True
INV001944,45.2,True
INV001945,46.6,True
INV001946,56.6,True
INV001950,44.1,True
INV001951,47.1,True
INV001954,54.2,True
INV001955,54.3,True
INV001956,79.3,True
INV001959,53.8,True
INV001961,65.9,True
INV001962,70.6,True
INV001967,25.9,False
INV001969,45.1,True
INV001970,67.7,True
INV001971,38.3,True
INV001972,35.0,False
INV001974,35.7,True
INV001975,78.2,True
INV001977,56.8,True
INV001978,76.2,True
INV001979,42.0,True
INV001982,61.3,True
INV001983,68.7,True
INV001985,70.8,True
INV001986,38.2,True
INV001987,40.2,True
INV001990,40.6,True
INV001993,44.7,True
INV001995,43.8,True
INV001997,59.2,True
INV001998,42.9,True
INV001999,29.9,False
INV002000,53.3,True
INV002001,53.0,True
INV002003,41.3,True
INV002005,54.5,True
INV002006,52.6,True
INV002008,39.2,True
INV002010,69.3,True
INV002011,59.8,True
INV002012,69.2,True
INV002013,57.6,True
INV002017,49.2,True
INV002018,44.1,True
INV002019,65.0,True
INV002021,46.2,True
INV002022,52.0,True
INV002025,55.8,True
INV002026,85.4,True
INV002030,71.7,True
INV002033,38.9,True
INV002034,46.0,True
INV002035,39.0,True
INV002036,28.0,False
INV002037,37.7,True
INV002038,52.5,True
INV002039,46.1,True
INV002040,50.8,True
INV002041,52.8,True
INV002042,46.7,True
INV002044,53.7,True
INV002045,60.0,True
INV002049,66.2,True
INV002051,43.7,True
INV002052,33.1,False
INV002055,69.0,True
INV002056,80.7,True
INV002060,63.8,True
INV002061,80.5,True
INV002066,81.8,True
INV002067,53.4,True
INV002069,42.8,True
INV002070,48.8,True
INV002074,55.4,True
INV002075,66.2,True
INV002077,76.2,True
INV002080,60.0,True
INV002083,46.5,True
INV002085,54.2,True
INV002087,70.6,True
INV002088,68.3,True
INV002090,53.6,True
INV002092,38.1,True
INV002093,36.6,True
INV002095,43.5,True
INV002096,63.8,True
INV002098,51.6,True
INV002099,71.3,True
INV002101,38.0,True
INV002102,46.9,True
INV002104,44.8,True
INV002107,55.3,True
INV002109,25.9,False
INV002110,46.3,True
INV002111,42.3,True
INV002112,49.1,True
INV002113,80.8,True
INV002114,48.7,True
INV002115,65.7,True
INV002116,30.1,False
INV002117,63.9,True
INV002119,47.4,True
INV002121,51.4,True
INV002122,45.1,True
INV002123,67.0,True
INV002124,52.1,True
INV002125,36.0,True
INV002126,71.0,True
INV002127,47.0,True
INV002128,87.6,True
INV002130,62.6,True
INV002131,65.9,True
INV002133,89.8,True
INV002134,45.1,True
INV002135,55.8,True
INV002137,31.7,False
INV002138,65.6,True
INV002139,66.7,True
INV002141,44.8,True
INV002142,52.4,True
INV002143,40.5,True
INV002149,31.9,False
INV002150,73.6,True
INV002151,53.7,True
INV002152,67.4,True
INV002153,45.2,True
INV002154,44.9,True
INV002155,59.7,True
INV002157,40.9,True
INV002158,61.4,True
INV002159,46.4,True
INV002161,64.1,True
INV002162,51.9,True
INV002164,58.2,True
INV002165,82.2,True
INV002166,82.7,True
INV002167,39.1,True
INV002170,65.8,True
INV002171,55.8,True
INV002174,86.0,True
INV002176,81.3,True
INV002177,43.8,True
INV002178,46.5,True
INV002179,42.3,True
INV002181,72.2,True
INV002182,40.1,True
INV002184,47.5,True
INV002185,28.8,False
INV002186,49.9,True
INV002187,44.2,True
INV002188,28.5,False
INV002189,43.6,True
INV002192,40.7,True
INV002195,48.8,True
INV002196,56.7,True
INV002198,33.6,False
INV002199,38.1,True
INV002200,83.6,True
INV002201,44.4,True
INV002202,54.8,True
INV002205,87.4,True
INV002206,43.8,True
INV002207,73.0,True
INV002208,42.8,True
INV002211,42.6,True
INV002212,58.4,True
INV002213,36.6,True
INV002214,42.1,True
INV002215,53.9,True
INV002216,48.0,True
INV002218,52.6,True
INV002219,49.9,True
INV002220,31.3,False
INV002223,82.6,True
INV002228,42.9,True
INV002229,44.7,True
INV002230,43.4,True
INV002232,38.5,True
INV002234,47.4,True
INV002235,69.8,True
INV002236,55.2,True
INV002237,41.8,True
INV002238,78.7,True
INV002239,75.5,True
INV002240,42.5,True
INV002241,47.8,True
INV002244,50.6,True
INV002245,37.3,True
INV002248,47.2,True
INV002249,31.4,False
INV002250,44.4,True
INV002251,52.2,True
INV002252,35.9,True
INV002256,75.6,True
INV002258,54.0,True
INV002259,39.6,True
INV002260,44.1,True
INV002261,46.9,True
INV002262,29.0,False
INV002264,53.9,True
INV002265,46.0,True
INV002267,51.8,True
INV002270,44.6,True
INV002271,47.0,True
INV002274,46.6,True
INV002275,43.7,True
INV002276,46.6,True
INV002277,38.5,True
INV002280,51.1,True
INV002281,96.6,True
INV002282,30.3,False
INV002284,40.7,True
INV002286,55.3,True
INV002287,50.2,True
INV002290,37.4,True
INV002292,39.9,True
INV002294,42.9,True
INV002295,42.7,True
INV002298,44.4,True
INV002299,53.5,True
INV002302,39.2,True
INV002304,34.8,False
INV002306,69.6,True
INV002307,68.4,True
INV002308,40.2,True
INV002310,58.2,True
INV002311,46.8,True
INV002315,39.2,True
INV002319,36.0,True
INV002322,39.6,True
INV002323,56.5,True
INV002324,40.1,True
INV002326,45.9,True
INV002327,45.5,True
INV002328,68.5,True
INV002329,35.9,True
INV002332,60.1,True
INV002333,72.4,True
INV002338,82.8,True
INV002339,61.2,True
INV002341,47.4,True
INV002342,49.5,True
INV002343,42.0,True
INV002344,62.6,True
INV002345,49.1,True
INV002346,86.6,True
INV002347,40.5,True
INV002348,44.3,True
INV002349,42.9,True
INV002350,53.7,True
INV002351,43.1,True
INV002353,51.8,True
INV002357,39.1,True
INV002360,40.8,True
INV002361,49.9,True
INV002363,59.1,True
INV002364,54.0,True
INV002365,51.3,True
INV002367,51.3,True
INV002368,33.4,False
INV002369,52.6,True
INV002370,60.1,True
INV002372,59.5,True
INV002373,44.6,True
INV002374,39.9,True
INV002378,67.2,True
INV002381,77.2,True
INV002382,38.6,True
INV002384,36.4,True
INV002387,57.0,True
INV002388,43.9,True
INV002389,41.5,True
INV002390,71.3,True
INV002391,23.7,False
INV002392,82.0,True
INV002393,49.8,True
INV002394,53.8,True
INV002395,97.0,True
INV002397,51.7,True
INV002399,40.4,True
INV002400,44.5,True
INV002401,41.4,True
INV002402,47.4,True
INV002407,46.3,True
INV002409,35.4,True
INV002412,75.5,True
INV002413,41.1,True
INV002414,84.5,True
INV002415,40.2,True
INV002416,62.2,True
INV002417,55.6,True
INV002418,65.4,True
INV002420,43.0,True
INV002422,41.2,True
INV002424,53.0,True
INV002426,68.2,True
INV002427,32.5,False
INV002429,56.1,True
INV002430,46.0,True
INV002431,66.0,True
INV002434,73.5,True
INV002437,32.8,False
INV002440,74.6,True
INV002444,34.1,False
INV002445,34.9,False
INV002446,83.8,True
INV002452,47.2,True
INV002453,37.8,True
INV002454,46.3,True
INV002458,36.2,True
INV002459,42.2,True
INV002461,87.8,True
INV002463,79.5,True
INV002464,33.0,False
INV002466,44.0,True
INV002467,42.6,True
INV002468,55.2,True
INV002469,41.9,True
INV002471,34.9,False
INV002472,47.1,True
INV002473,62.0,True
INV002475,44.7,True
INV002476,53.8,True
INV002483,61.3,True
INV002485,33.7,False
INV002486,47.5,True
INV002488,58.3,True
INV002490,54.4,True
INV002495,51.3,True
INV002496,44.2,True
INV002497,42.8,True
INV002499,56.4,True
INV002500,43.2,True
INV002502,77.0,True
INV002503,47.5,True
INV002504,53.0,True
INV002506,55.0,True
INV002507,83.2,True
INV002508,51.6,True
INV002509,29.0,False
INV002510,45.5,True
INV002520,43.1,True
INV002521,56.4,True
INV002523,45.6,True
INV002526,42.1,True
INV002527,29.8,False
INV002528,74.4,True
INV002529,81.6,True
INV002530,62.5,True
INV002531,50.9,True
INV002533,60.7,True
INV002535,36.1,True
INV002536,71.8,True
INV002540,67.6,True
INV002542,57.8,True
INV002543,40.7,True
INV002546,55.9,True
INV002547,49.4,True
INV002548,79.8,True
INV002549,60.1,True
INV002551,59.4,True
INV002552,39.5,True
INV002553,34.0,False
INV002554,68.6,True
INV002555,53.8,True
INV002556,72.6,True
INV002557,50.4,True
INV002558,48.8,True
INV002560,79.3,True
INV002563,52.7,True
INV002565,55.3,True
INV002566,61.3,True
INV002567,46.9,True
INV002568,53.9,True
INV002570,37.1,True
INV002571,63.9,True
INV002572,44.7,True
INV002574,43.7,True
INV002575,44.9,True
INV002576,40.4,True
INV002579,34.0,False
INV002582,43.0,True
INV002583,65.3,True
INV002585,42.7,True
INV002586,72.7,True
INV002587,75.0,True
INV002588,53.4,True
INV002590,42.5,True
INV002591,48.1,True
INV002592,94.8,True
INV002594,55.4,True
INV002597,84.0,True
INV002598,41.1,True
INV002599,73.7,True
INV002602,42.0,True
INV002603,68.2,True
INV002604,79.2,True
INV002606,56.0,True
INV002607,61.8,True
INV002611,97.2,True
INV002613,44.5,True
INV002619,71.6,True
INV002621,73.0,True
INV002622,48.6,True
INV002625,78.4,True
INV002626,78.6,True
INV002627,60.7,True
INV002628,53.2,True
INV002630,53.0,True
INV002631,58.3,True
INV002632,45.9,True
INV002633,40.8,True
INV002634,23.3,False
INV002635,48.9,True
INV002637,76.6,True
INV002639,30.7,False
INV002640,38.2,True
INV002641,59.6,True
INV002642,48.1,True
INV002643,55.2,True
INV002645,40.1,True
INV002647,76.0,True
INV002648,77.3,True
INV002652,48.8,True
INV002654,43.3,True
INV002656,51.3,True
INV002658,100.8,True
INV002659,49.7,True
INV002664,57.2,True
INV002666,43.7,True
INV002668,43.5,True
INV002671,43.6,True
INV002673,50.6,True
INV002674,37.5,True
INV002675,40.6,True
INV002679,65.7,True
INV002681,83.7,True
INV002682,40.4,True
INV002684,43.3,True
INV002685,96.4,True
INV002687,45.7,True
INV002688,32.9,False
INV002689,35.0,False
INV002692,56.9,True
INV002693,32.5,False
INV002696,43.7,True
INV002697,51.9,True
INV002698,31.5,False
INV002700,59.9,True
INV002702,49.0,True
INV002704,37.6,True
INV002705,22.4,False
INV002706,47.3,True
INV002707,38.9,True
INV002708,43.8,True
INV002711,57.4,True
INV002712,42.5,True
INV002716,99.8,True
INV002718,66.8,True
INV002722,47.8,True
INV002723,37.8,True
INV002724,34.8,False
INV002725,93.0,True
INV002726,29.9,False
INV002727,70.3,True
INV002729,64.7,True
INV002732,49.5,True
INV002733,54.1,True
INV002734,80.8,True
INV002735,43.2,True
INV002736,42.9,True
INV002737,38.8,True
INV002740,79.0,True
INV002743,63.0,True
INV002744,52.9,True
INV002745,97.2,True
INV002746,47.6,True
INV002747,78.3,True
INV002748,70.8,True
INV002750,52.6,True
INV002751,48.7,True
INV002752,42.4,True
INV002753,37.2,True
INV002754,93.2,True
INV002758,56.8,True
INV002759,82.0,True
INV002761,44.0,True
INV002762,46.2,True
INV002764,53.3,True
INV002765,66.6,True
INV002766,33.6,False
INV002767,46.6,True
INV002769,49.2,True
INV002772,49.7,True
INV002774,76.0,True
INV002775,37.5,True
INV002776,72.4,True
INV002779,45.9,True
INV002783,44.6,True
INV002784,34.8,False
INV002785,91.6,True
INV002786,49.8,True
INV002787,56.7,True
INV002788,50.7,True
INV002793,50.9,True
INV002794,39.6,True
INV002796,68.8,True
INV002798,74.7,True
INV002799,55.1,True
INV002800,54.4,True
INV002801,80.8,True
INV002802,46.3,True
INV002803,39.1,True
INV002804,46.6,True
INV002808,45.9,True
INV002809,81.4,True
INV002810,25.1,False
INV002811,54.9,True
INV002813,36.8,True
INV002819,31.2,False
INV002822,46.3,True
INV002824,42.3,True
INV002826,57.2,True
INV002827,49.1,True
INV002828,42.2,True
INV002830,88.2,True
INV002831,54.1,True
INV002832,50.0,True
INV002834,52.9,True
INV002835,82.3,True
INV002838,48.9,True
INV002841,19.7,False
INV002843,44.4,True
INV002847,47.4,True
INV002849,28.2,False
INV002850,36.7,True
INV002852,43.2,True
INV002856,79.8,True
INV002859,51.0,True
INV002861,53.9,True
INV002862,65.4,True
INV002863,58.8,True
INV002864,48.6,True
INV002865,32.8,False
INV002867,89.0,True
INV002868,43.8,True
INV002869,64.1,True
INV002870,45.0,True
INV002872,85.6,True
INV002873,62.2,True
INV002874,96.4,True
INV002877,51.8,True
INV002879,43.6,True
INV002881,40.5,True
INV002883,48.0,True
INV002886,44.2,True
INV002888,68.0,True
INV002890,45.0,True
INV002891,56.6,True
INV002893,42.8,True
INV002894,90.0,True
INV002896,63.6,True
INV002897,57.3,True
INV002899,89.6,True
INV002900,65.5,True
INV002903,56.0,True
INV002904,47.9,True
INV002905,42.9,True
INV002906,48.7,True
INV002909,70.6,True
INV002911,51.1,True
INV002912,45.7,True
INV002913,47.1,True
INV002914,89.2,True
INV002915,43.1,True
INV002921,51.0,True
INV002924,26.8,False
INV002926,88.6,True
INV002927,47.3,True
INV002928,46.8,True
INV002929,59.5,True
INV002931,59.0,True
INV002932,44.9,True
INV002933,31.3,False
INV002934,34.7,False
INV002935,50.9,True
INV002937,44.8,True
INV002939,35.5,True
INV002940,74.5,True
INV002941,47.3,True
INV002942,41.5,True
INV002943,61.4,True
INV002944,70.2,True
INV002945,50.6,True
INV002947,50.4,True
INV002948,66.0,True
INV002950,41.3,True
INV002951,40.7,True
INV002954,45.7,True
INV002956,55.8,True
INV002957,76.5,True
INV002961,63.5,True
INV002964,52.5,True
INV002966,47.6,True
INV002969,24.9,False
INV002973,48.2,True
INV002974,36.6,True
INV002978,78.0,True
INV002979,64.5,True
INV002980,68.2,True
INV002982,71.8,True
INV002983,68.2,True
INV002984,53.1,True
INV002985,49.0,True
INV002989,43.3,True
INV002992,71.6,True
INV002993,57.6,True
INV002994,44.1,True
INV002996,43.3,True
INV002997,54.9,True
INV003000,67.0,True
INV003002,63.4,True
INV003003,46.6,True
INV003004,66.9,True
INV003005,37.2,True
INV003007,42.1,True
INV003008,54.7,True
INV003009,27.7,False
INV003010,77.0,True
INV003011,48.8,True
INV003012,46.6,True
INV003014,68.7,True
INV003015,45.6,True
INV003016,96.6,True
INV003017,73.2,True
INV003018,41.8,True
INV003021,68.9,True
INV003022,39.1,True
INV003024,26.7,False
INV003025,29.8,False
INV003027,71.0,True
INV003028,53.7,True
INV003031,62.6,True
INV003033,47.8,True
INV003034,61.3,True
INV003036,50.2,True
INV003037,43.4,True
INV003040,41.3,True
INV003041,47.3,True
INV003043,44.3,True
INV003044,53.4,True
INV003045,47.0,True
INV003047,44.6,True
INV003048,71.0,True
INV003049,54.4,True
INV003054,47.2,True
INV003055,68.3,True
INV003057,53.7,True
INV003058,42.2,True
INV003060,43.1,True
INV003061,59.6,True
INV003063,43.4,True
INV003065,48.8,True
INV003068,74.0,True
INV003069,46.1,True
INV003070,39.6,True
INV003073,42.9,True
INV003074,46.3,True
INV003075,40.2,True
INV003077,60.5,True
INV003078,60.6,True
INV003079,59.7,True
INV003082,36.1,True
INV003083,38.1,True
INV003086,50.0,True
INV003089,58.0,True
INV003091,40.7,True
INV003095,41.1,True
INV003097,39.9,True
INV003099,76.8,True
INV003100,59.3,True
INV003101,74.7,True
INV003102,48.9,True
INV003105,38.5,True
INV003110,52.1,True
INV003111,43.6,True
INV003112,76.3,True
INV003113,49.0,True
INV003115,40.0,True
INV003116,47.6,True
INV003117,42.4,True
INV003119,59.6,True
INV003120,61.7,True
INV003121,33.2,False
INV003123,58.4,True
INV003124,39.0,True
INV003125,68.3,True
INV003128,61.3,True
INV003129,74.4,True
INV003130,51.3,True
INV003134,42.1,True
INV003139,30.1,False
INV003140,36.3,True
INV003141,40.5,True
INV003144,49.5,True
INV003146,45.0,True
INV003150,69.4,True
INV003151,50.6,True
INV003153,44.6,True
INV003158,51.0,True
INV003159,62.4,True
INV003160,61.6,True
INV003161,49.9,True
INV003165,79.5,True
INV003166,88.6,True
INV003167,66.8,True
INV003168,62.1,True
INV003169,53.6,True
INV003171,66.7,True
INV003173,46.4,True
INV003174,50.1,True
INV003176,78.4,True
INV003178,41.0,True
INV003179,45.0,True
INV003184,93.6,True
INV003185,56.9,True
INV003187,58.2,True
INV003188,63.9,True
INV003189,41.8,True
INV003190,77.2,True
INV003191,42.6,True
INV003192,37.3,True
INV003193,48.3,True
INV003194,79.6,True
INV003196,68.9,True
INV003200,61.2,True
INV003201,62.4,True
INV003202,61.5,True
INV003203,53.6,True
INV003205,38.6,True
INV003206,66.9,True
INV003208,97.0,True
INV003209,55.7,True
INV003210,51.6,True
INV003211,45.9,True
INV003212,61.5,True
INV003214,46.8,True
INV003215,45.1,True
INV003218,70.3,True
INV003219,32.9,False
INV003220,38.4,True
INV003221,33.4,False
INV003222,54.3,True
INV003223,59.2,True
INV003224,51.2,True
INV003225,59.0,True
INV003226,63.2,True
INV003227,61.8,True
INV003228,52.6,True
INV003230,40.1,True
INV003231,55.3,True
INV003232,41.8,True
INV003234,60.4,True
INV003235,66.0,True
INV003236,48.3,True
INV003237,70.2,True
INV003238,51.3,True
INV003240,81.4,True
INV003242,46.7,True
INV003243,56.6,True
INV003244,64.6,True
INV003247,42.3,True
INV003248,58.9,True
INV003250,47.9,True
INV003252,67.6,True
INV003253,60.0,True
INV003254,37.0,True
INV003256,38.0,True
INV003257,42.0,True
INV003258,45.2,True
INV003260,55.9,True
INV003262,53.2,True
INV003263,81.2,True
INV003264,57.4,True
INV003267,53.1,True
INV003269,55.8,True
INV003270,27.9,False
INV003271,40.8,True
INV003273,47.8,True
INV003276,40.3,True
INV003277,45.4,True
INV003279,56.3,True
INV003287,41.7,True
INV003288,44.5,True
INV003289,37.0,True
INV003291,49.0,True
INV003294,54.0,True
INV003295,59.4,True
INV003296,42.0,True
INV003297,43.2,True
INV003298,40.1,True
INV003300,54.0,True
INV003301,52.8,True
INV003304,36.2,True
INV003306,58.9,True
INV003308,45.4,True
INV003310,42.4,True
INV003311,40.0,True
INV003313,61.4,True
INV003314,55.1,True
INV003315,77.4,True
INV003317,37.3,True
INV003320,34.5,False
INV003321,70.3,True
INV003324,67.0,True
INV003325,63.1,True
INV003329,50.5,True
INV003331,76.2,True
INV003332,69.8,True
INV003336,62.0,True
INV003338,32.3,False
INV003340,49.2,True
INV003341,56.0,True
INV003342,41.7,True
INV003343,47.5,True
INV003344,39.4,True
INV003345,56.8,True
INV003346,64.8,True
INV003347,59.6,True
INV003350,77.0,True
INV003351,45.0,True
INV003352,54.3,True
INV003354,42.4,True
INV003355,60.6,True
INV003357,44.6,True
INV003359,46.3,True
INV003360,37.8,True
INV003363,61.8,True
INV003366,43.6,True
INV003369,78.6,True
INV003370,54.3,True
INV003372,33.0,False
INV003373,45.5,True
INV003374,57.6,True
INV003375,51.3,True
INV003376,47.8,True
INV003377,71.5,True
INV003379,41.0,True
INV003380,42.7,True
INV003381,37.7,True
INV003382,39.0,True
INV003387,52.1,True
INV003388,39.1,True
INV003389,54.9,True
INV003391,38.8,True
INV003393,49.6,True
INV003394,84.2,True
INV003395,44.8,True
INV003396,82.3,True
INV003398,39.8,True
INV003399,77.8,True
INV003401,40.9,True
INV003402,94.6,True
INV003403,61.9,True
INV003404,40.7,True
INV003405,43.0,True
INV003406,37.5,True
INV003407,52.7,True
INV003408,49.1,True
INV003409,37.7,True
INV003410,64.4,True
INV003411,45.0,True
INV003412,28.6,False
INV003415,54.0,True
INV003419,30.3,False
INV003420,66.7,True
INV003421,83.6,True
INV003422,72.6,True
INV003423,83.8,True
INV003424,39.9,True
INV003426,37.3,True
INV003427,56.5,True
INV003428,53.9,True
INV003429,51.1,True
INV003430,61.2,True
INV003431,42.9,True
INV003432,52.6,True
INV003435,51.6,True
INV003436,46.2,True
INV003437,45.9,True
INV003438,55.2,True
INV003448,40.6,True
INV003449,51.9,True
INV003450,39.0,True
INV003452,25.6,False
INV003455,31.7,False
INV003457,45.4,True
INV003458,54.2,True
INV003459,40.9,True
INV003460,52.4,True
INV003462,61.9,True
INV003463,80.4,True
INV003469,40.0,True
INV003473,79.8,True
INV003475,56.0,True
INV003477,69.5,True
INV003478,50.3,True
INV003479,46.0,True
INV003480,37.5,True
INV003484,61.5,True
INV003487,40.7,True
INV003491,43.0,True
INV003492,69.1,True
INV003494,43.1,True
INV003495,40.3,True
INV003496,49.6,True
INV003503,66.9,True
INV003505,64.0,True
INV003506,51.1,True
INV003509,44.3,True
INV003511,44.5,True
INV003513,45.8,True
INV003514,44.6,True
INV003518,39.6,True
INV003521,58.8,True
INV003524,41.8,True
INV003525,46.1,True
INV003526,44.1,True
INV003527,81.4,True
INV003528,46.9,True
INV003530,42.5,True
INV003531,37.2,True
INV003532,78.5,True
INV003533,40.0,True
INV003534,39.4,True
INV003535,68.0,True
INV003536,51.6,True
INV003537,58.4,True
INV003539,63.9,True
INV003540,87.8,True
INV003541,56.6,True
INV003543,37.5,True
INV003545,56.6,True
INV003546,58.9,True
INV003552,85.8,True
INV003553,40.5,True
INV003554,38.9,True
INV003556,55.4,True
INV003557,41.8,True
INV003558,34.9,False
INV003559,48.3,True
INV003561,51.7,True
INV003562,60.4,True
INV003563,49.3,True
INV003564,49.7,True
INV003565,62.7,True
INV003566,70.3,True
INV003567,65.7,True
INV003568,27.4,False
INV003569,68.2,True
INV003571,99.6,True
INV003572,86.8,True
INV003573,48.7,True
INV003574,98.0,True
INV003579,57.4,True
INV003580,43.6,True
INV003581,45.8,True
INV003582,31.4,False
INV003586,39.6,True
INV003587,57.3,True
INV003590,71.0,True
INV003592,42.2,True
INV003593,48.9,True
INV003594,77.0,True
INV003597,45.9,True
INV003598,47.6,True
INV003599,26.8,False
INV003600,70.8,True
INV003601,46.6,True
INV003602,69.6,True
INV003604,56.4,True
INV003607,50.3,True
INV003608,49.2,True
INV003609,75.2,True
INV003611,41.3,True
INV003612,45.8,True
INV003613,52.4,True
INV003614,60.8,True
INV003616,67.7,True
INV003619,60.4,True
INV003620,92.6,True
INV003625,31.2,False
INV003626,44.9,True
INV003627,39.4,True
INV003630,39.4,True
INV003633,44.9,True
INV003634,45.3,True
INV003635,47.1,True
INV003636,95.0,True
INV003637,50.4,True
INV003638,29.0,False
INV003639,67.0,True
INV003641,52.1,True
INV003642,35.6,True
INV003643,55.4,True
INV003644,64.0,True
INV003645,52.9,True
INV003647,54.2,True
INV003648,64.8,True
INV003649,50.4,True
INV003650,32.9,False
INV003651,50.7,True
INV003654,51.9,True
INV003655,40.7,True
INV003656,63.3,True
INV003658,55.0,True
INV003660,43.9,True
INV003661,48.6,True
INV003663,64.7,True
INV003666,38.4,True
INV003669,35.7,True
INV003670,49.6,True
INV003671,38.6,True
INV003672,43.7,True
INV003673,48.2,True
INV003674,43.5,True
INV003675,47.4,True
INV003677,62.0,True
INV003678,42.2,True
INV003680,68.5,True
INV003681,40.8,True
INV003683,66.0,True
INV003684,61.4,True
INV003685,50.2,True
INV003686,43.9,True
INV003691,72.1,True
INV003693,47.6,True
INV003695,42.0,True
INV003696,68.3,True
INV003697,43.0,True
INV003698,42.6,True
INV003702,72.7,True
INV003705,50.5,True
INV003707,67.9,True
INV003708,33.0,False
INV003709,65.4,True
INV003710,65.5,True
INV003711,51.6,True
INV003712,41.0,True
INV003713,48.9,True
INV003716,69.8,True
INV003717,51.9,True
INV003718,68.1,True
INV003720,42.5,True
INV003722,43.2,True
INV003723,47.1,True
INV003724,42.7,True
INV003731,41.5,True
INV003732,42.5,True
INV003733,49.3,True
INV003734,48.1,True
INV003735,38.1,True
INV003736,42.1,True
INV003737,53.6,True
INV003738,41.4,True
INV003739,58.3,True
INV003740,31.1,False
INV003741,50.8,True
INV003743,63.4,True
INV003744,45.5,True
INV003745,35.4,True
INV003747,63.3,True
INV003748,36.9,True
INV003750,90.8,True
INV003751,80.2,True
INV003756,55.1,True
INV003757,61.4,True
INV003761,40.3,True
INV003762,51.7,True
INV003765,78.5,True
INV003766,45.0,True
INV003767,39.4,True
INV003769,65.6,True
INV003771,45.5,True
INV003772,36.8,True
INV003773,75.8,True
INV003775,50.9,True
INV003778,51.0,True
INV003779,54.6,True
INV003780,44.7,True
INV003781,40.9,True
INV003782,45.3,True
INV003783,45.1,True
INV003785,61.8,True
INV003787,46.0,True
INV003788,89.4,True
INV003789,70.3,True
INV003791,47.1,True
INV003792,42.3,True
INV003793,54.2,True
INV003794,38.5,True
INV003795,36.9,True
INV003797,67.1,True
INV003798,57.5,True
INV003799,63.1,True
INV003801,71.6,True
INV003803,76.3,True
INV003806,69.2,True
INV003808,45.7,True
INV003809,73.8,True
INV003810,62.3,True
INV003811,48.9,True
INV003812,39.7,True
INV003813,58.7,True
INV003815,42.2,True
INV003817,85.8,True
INV003821,79.3,True
INV003822,41.1,True
INV003823,47.8,True
INV003824,39.0,True
INV003825,58.0,True
INV003828,25.0,False
INV003829,40.2,True
INV003830,47.3,True
INV003832,61.6,True
INV003833,39.4,True
INV003834,68.2,True
INV003835,61.3,True
INV003836,70.0,True
INV003844,44.0,True
INV003846,70.0,True
INV003847,43.8,True
INV003848,43.5,True
INV003849,55.1,True
INV003851,38.0,True
INV003853,57.2,True
INV003855,62.8,True
INV003857,50.3,True
INV003860,49.8,True
INV003862,45.9,True
INV003865,56.8,True
INV003868,54.8,True
INV003872,36.3,True
INV003874,47.1,True
INV003876,50.0,True
INV003877,49.8,True
INV003880,68.6,True
INV003882,69.3,True
INV003883,30.7,False
INV003885,59.7,True
INV003887,53.0,True
INV003888,53.7,True
INV003892,45.2,True
INV003894,54.9,True
INV003896,59.0,True
INV003897,71.6,True
INV003899,52.2,True
INV003901,41.7,True
INV003902,54.1,True
INV003903,35.2,True
INV003905,62.5,True
INV003906,49.6,True
INV003907,48.4,True
INV003908,47.1,True
INV003909,51.4,True
INV003910,54.4,True
INV003911,64.6,True
INV003912,58.9,True
INV003913,61.4,True
INV003916,41.8,True
INV003918,39.5,True
INV003920,42.5,True
INV003925,68.3,True
INV003926,68.3,True
INV003936,41.0,True
INV003938,38.3,True
INV003940,41.8,True
INV003942,70.3,True
INV003943,34.0,False
INV003945,41.7,True
INV003946,53.1,True
INV003947,56.5,True
INV003948,32.8,False
INV003951,61.6,True
INV003952,43.6,True
INV003957,50.0,True
INV003958,42.8,True
INV003960,76.0,True
INV003961,47.3,True
INV003962,48.1,True
INV003964,41.9,True
INV003967,63.5,True
INV003968,51.3,True
INV003970,48.1,True
INV003972,52.6,True
INV003973,52.0,True
INV003974,44.5,True
INV003975,41.6,True
INV003977,61.7,True
INV003978,53.0,True
INV003979,35.6,True
INV003981,45.1,True
INV003982,62.2,True
INV003985,77.5,True
INV003986,61.2,True
INV003987,52.0,True
INV003989,50.9,True
INV003992,84.6,True
INV003995,50.6,True
INV003996,59.5,True
INV003997,59.9,True
INV004001,33.2,False
INV004003,43.4,True
INV004004,34.2,False
INV004005,49.9,True
INV004006,29.6,False
INV004007,46.2,True
INV004009,49.7,True
INV004011,70.3,True
INV004014,49.5,True
INV004015,47.1,True
INV004017,31.3,False
INV004018,80.3,True
INV004019,69.9,True
INV004023,52.0,True
INV004024,36.1,True
INV004025,62.2,True
INV004026,63.0,True
INV004028,45.2,True
INV004030,70.1,True
INV004032,55.6,True
INV004033,56.2,True
INV004036,61.6,True
INV004037,53.3,True
INV004038,44.3,True
INV004040,72.0,True
INV004044,80.6,True
INV004045,45.5,True
INV004049,32.3,False
INV004050,56.0,True
INV004051,48.7,True
INV004052,80.7,True
INV004058,83.8,True
INV004063,36.0,True
INV004064,41.6,True
INV004066,50.1,True
INV004067,53.0,True
INV004069,48.5,True
INV004070,36.9,True
INV004071,75.2,True
INV004073,62.5,True
INV004075,69.5,True
INV004076,76.2,True
INV004078,53.4,True
INV004079,50.7,True
INV004080,62.7,True
INV004084,51.2,True
INV004085,51.7,True
INV004089,49.2,True
INV004091,41.4,True
INV004094,66.0,True
INV004096,48.5,True
INV004098,41.6,True
INV004099,38.1,True
INV004100,38.9,True
INV004102,79.8,True
INV004104,53.1,True
INV004106,55.8,True
INV004108,52.5,True
INV004109,68.3,True
INV004110,66.0,True
INV004112,34.5,False
INV004114,31.5,False
INV004116,49.4,True
INV004117,20.2,False
INV004118,49.9,True
INV004119,64.0,True
INV004123,85.0,True
INV004124,43.9,True
INV004125,44.8,True
INV004127,63.2,True
INV004128,45.0,True
INV004130,65.7,True
INV004131,65.5,True
INV004132,78.2,True
INV004134,39.3,True
INV004135,41.0,True
INV004137,19.4,False
INV004138,48.4,True
INV004140,68.6,True
INV004142,60.5,True
INV004143,53.9,True
INV004145,33.1,False
INV004146,49.0,True
INV004147,61.0,True
INV004148,50.9,True
INV004149,61.5,True
INV004151,45.1,True
INV004152,60.8,True
INV004153,42.0,True
INV004154,46.7,True
INV004161,88.8,True
INV004163,46.5,True
INV004165,69.3,True
INV004172,49.0,True
INV004173,71.3,True
INV004174,60.5,True
INV004175,67.9,True
INV004177,35.3,True
INV004179,39.6,True
INV004181,66.7,True
INV004184,40.2,True
INV004185,49.8,True
INV004190,72.6,True
INV004191,48.7,True
INV004196,52.2,True
INV004199,48.5,True
INV004201,43.2,True
INV004202,47.6,True
INV004203,51.8,True
INV004204,72.0,True
INV004205,51.5,True
INV004208,45.9,True
INV004210,48.8,True
INV004212,52.0,True
INV004216,70.3,True
INV004222,58.0,True
INV004223,43.4,True
INV004224,43.8,True
INV004225,43.7,True
INV004226,53.4,True
INV004228,48.2,True
INV004230,53.6,True
INV004231,39.6,True
INV004232,32.5,False
INV004233,70.5,True
INV004237,65.6,True
INV004239,53.5,True
INV004241,43.9,True
INV004243,38.6,True
INV004246,45.2,True
INV004247,59.4,True
INV004248,62.9,True
INV004250,74.4,True
INV004252,58.1,True
INV004253,100.8,True
INV004254,59.8,True
INV004257,89.2,True
INV004258,43.2,True
INV004262,73.0,True
INV004263,91.2,True
INV004264,53.7,True
INV004265,70.2,True
INV004266,37.1,True
INV004267,38.4,True
INV004268,73.7,True
INV004270,49.5,True
INV004271,41.5,True
INV004272,35.0,False
INV004273,75.8,True
INV004274,48.2,True
INV004276,20.2,False
INV004278,34.2,False
INV004279,35.2,True
INV004280,72.7,True
INV004281,45.3,True
INV004282,48.6,True
INV004283,35.5,True
INV004285,46.6,True
INV004287,45.6,True
INV004288,41.7,True
INV004289,41.7,True
INV004290,44.6,True
INV004293,48.4,True
INV004294,63.1,True
INV004295,42.3,True
INV004296,51.1,True
INV004297,44.0,True
INV004298,43.7,True
INV004299,49.1,True
INV004300,32.8,False
INV004302,64.3,True
INV004303,45.5,True
INV004306,43.2,True
INV004307,50.5,True
INV004308,56.4,True
INV004310,79.6,True
INV004314,51.9,True
INV004316,33.0,False
INV004318,49.8,True
INV004319,44.0,True
INV004320,83.4,True
INV004321,33.6,False
INV004322,58.0,True
INV004324,42.4,True
INV004326,32.8,False
INV004329,80.6,True
INV004332,45.3,True
INV004333,39.3,True
INV004334,76.4,True
INV004335,56.4,True
INV004336,71.3,True
INV004337,74.4,True
INV004338,40.0,True
INV004339,56.5,True
INV004340,62.5,True
INV004341,56.1,True
INV004342,77.6,True
INV004343,40.1,True
INV004345,36.5,True
INV004346,67.4,True
INV004347,47.4,True
INV004348,42.8,True
INV004349,47.9,True
INV004352,79.8,True
INV004353,50.4,True
INV004354,59.6,True
INV004356,38.7,True
INV004357,56.3,True
INV004358,41.5,True
INV004360,58.5,True
INV004361,47.9,True
INV004362,41.8,True
INV004363,53.3,True
INV004364,44.8,True
INV004365,41.8,True
INV004366,44.6,True
INV004367,79.5,True
INV004368,64.8,True
INV004369,45.9,True
INV004372,33.9,False
INV004374,53.6,True
INV004375,83.6,True
INV004376,39.7,True
INV004378,81.2,True
INV004379,56.4,True
INV004380,96.8,True
INV004381,70.3,True
INV004384,52.8,True
INV004388,42.7,True
INV004391,49.0,True
INV004392,50.2,True
INV004393,45.8,True
INV004398,93.0,True
INV004400,39.0,True
INV004401,61.1,True
INV004403,45.6,True
INV004407,43.5,True
INV004408,63.7,True
INV004410,37.2,True
INV004411,53.4,True
INV004412,70.6,True
INV004413,48.3,True
INV004414,41.9,True
INV004418,39.5,True
INV004421,56.8,True
INV004427,46.2,True
INV004428,37.3,True
INV004434,45.7,True
INV004436,53.9,True
INV004437,51.3,True
INV004439,57.8,True
INV004440,67.8,True
INV004442,41.6,True
INV004443,42.0,True
INV004445,85.2,True
INV004446,45.1,True
INV004447,33.2,False
INV004448,49.3,True
INV004450,33.9,False
INV004451,60.4,True
INV004452,48.6,True
INV004454,49.2,True
INV004455,33.4,False
INV004457,47.7,True
INV004458,29.4,False
INV004459,39.5,True
INV004460,34.0,False
INV004461,32.4,False
INV004463,52.7,True
INV004464,53.6,True
INV004465,44.8,True
INV004466,51.3,True
INV004467,48.6,True
INV004468,57.6,True
INV004472,49.9,True
INV004473,48.9,True
INV004474,66.7,True
INV004475,40.7,True
INV004476,56.8,True
INV004477,45.7,True
INV004481,31.8,False
INV004482,70.3,True
INV004483,83.6,True
INV004484,35.2,True
INV004486,77.0,True
INV004487,19.7,False
INV004492,61.3,True
INV004493,50.3,True
INV004495,67.7,True
INV004496,49.7,True
INV004497,45.6,True
INV004498,76.3,True
INV004502,44.7,True
INV004504,42.9,True
INV004505,43.0,True
INV004508,42.6,True
INV004509,81.6,True
INV004510,78.7,True
INV004511,66.8,True
INV004513,53.4,True
INV004514,84.8,True
INV004515,50.1,True
INV004517,61.9,True
INV004518,70.8,True
INV004519,68.7,True
INV004520,65.0,True
INV004521,33.0,False
INV004522,93.8,True
INV004523,48.4,True
INV004526,37.9,True
INV004527,50.9,True
INV004528,54.0,True
INV004529,65.7,True
INV004531,47.6,True
INV004533,53.7,True
INV004534,49.4,True
INV004540,33.5,False
INV004542,32.6,False
INV004544,48.9,True
INV004545,42.0,True
INV004547,41.1,True
INV004548,99.8,True
INV004549,67.8,True
INV004551,46.8,True
INV004553,56.1,True
INV004555,42.0,True
INV004560,43.0,True
INV004562,52.4,True
INV004563,55.9,True
INV004565,77.8,True
INV004567,76.3,True
INV004574,36.5,True
INV004576,60.9,True
INV004578,58.4,True
INV004579,31.0,False
INV004581,63.1,True
INV004582,50.5,True
INV004583,78.7,True
INV004584,34.2,False
INV004587,71.8,True
INV004589,47.3,True
INV004591,48.5,True
INV004592,45.8,True
INV004593,48.0,True
INV004594,43.3,True
INV004595,37.4,True
INV004598,38.3,True
INV004600,48.4,True
INV004602,43.4,True
INV004605,49.3,True
INV004606,43.3,True
INV004607,49.0,True
INV004608,42.8,True
INV004609,81.8,True
INV004611,33.4,False
INV004614,49.8,True
INV004616,69.4,True
INV004617,43.2,True
INV004619,45.7,True
INV004621,39.5,True
INV004623,61.6,True
INV004625,48.2,True
INV004626,72.2,True
INV004627,48.6,True
INV004629,41.1,True
INV004630,36.8,True
INV004631,47.0,True
INV004633,45.1,True
INV004634,65.6,True
INV004635,44.0,True
INV004636,41.3,True
INV004638,43.1,True
INV004639,57.9,True
INV004640,42.2,True
INV004641,37.7,True
INV004642,65.8,True
INV004643,37.0,True
INV004646,48.4,True
INV004647,54.9,True
INV004648,39.7,True
INV004650,44.9,True
INV004651,47.8,True
INV004653,70.4,True
INV004654,64.7,True
INV004655,56.7,True
INV004656,80.5,True
INV004659,44.0,True
INV004660,72.2,True
INV004661,48.8,True
INV004664,62.8,True
INV004665,46.3,True
INV004666,70.2,True
INV004669,58.4,True
INV004672,44.4,True
INV004673,46.1,True
INV004678,82.7,True
INV004680,40.4,True
INV004682,33.8,False
INV004687,62.0,True
INV004688,45.0,True
INV004689,48.0,True
INV004691,54.4,True
INV004692,44.8,True
INV004693,59.1,True
INV004694,73.2,True
INV004695,55.3,True
INV004701,46.8,True
INV004704,43.1,True
INV004709,67.4,True
INV004711,54.4,True
INV004712,37.2,True
INV004715,48.7,True
INV004716,55.5,True
INV004719,38.6,True
INV004720,52.1,True
INV004722,54.2,True
INV004724,68.0,True
INV004731,55.7,True
INV004733,37.5,True
INV004734,61.5,True
INV004735,94.8,True
INV004737,44.6,True
INV004738,46.6,True
INV004739,59.9,True
INV004741,50.4,True
INV004742,60.7,True
INV004744,46.6,True
INV004745,54.1,True
INV004747,92.8,True
INV004748,59.4,True
INV004752,57.3,True
INV004753,39.0,True
INV004754,58.7,True
INV004755,40.8,True
INV004756,47.2,True
INV004761,41.0,True
INV004763,45.5,True
INV004764,41.5,True
INV004769,57.6,True
INV004770,46.6,True
INV004771,75.7,True
INV004774,53.4,True
INV004776,51.0,True
INV004780,41.2,True
INV004784,84.8,True
INV004785,62.1,True
INV004787,54.8,True
INV004790,35.2,True
INV004794,52.1,True
INV004796,28.8,False
INV004797,50.5,True
INV004798,53.0,True
INV004801,81.4,True
INV004802,36.0,True
INV004803,83.2,True
INV004804,37.1,True
INV004805,36.4,True
INV004807,51.6,True
INV004811,40.4,True
INV004812,50.6,True
INV004813,40.7,True
INV004817,95.2,True
INV004818,44.0,True
INV004819,42.1,True
INV004821,30.9,False
INV004822,44.1,True
INV004823,51.8,True
INV004825,46.7,True
INV004826,44.3,True
INV004827,63.7,True
INV004828,49.7,True
INV004829,67.0,True
INV004830,70.8,True
INV004831,83.8,True
INV004833,42.5,True
INV004834,34.3,False
INV004835,60.5,True
INV004836,48.2,True
INV004837,74.5,True
INV004840,39.3,True
INV004841,52.4,True
INV004843,50.9,True
INV004844,44.4,True
INV004845,47.2,True
INV004846,59.5,True
INV004847,55.1,True
INV004848,45.3,True
INV004849,39.0,True
INV004850,38.4,True
INV004851,65.7,True
INV004853,57.5,True
INV004854,96.0,True
INV004855,34.1,False
INV004857,70.3,True
INV004858,67.0,True
INV004860,49.0,True
INV004863,47.1,True
INV004864,38.5,True
INV004865,45.8,True
INV004866,36.9,True
INV004868,36.1,True
INV004871,45.9,True
INV004874,46.8,True
INV004875,58.6,True
INV004876,82.0,True
INV004877,80.5,True
INV004880,58.2,True
INV004885,42.8,True
INV004886,65.8,True
INV004887,57.1,True
INV004888,53.5,True
INV004889,44.7,True
INV004891,43.0,True
INV004892,58.3,True
INV004896,39.7,True
INV004899,67.0,True
INV004900,42.3,True
INV004901,41.5,True
INV004903,86.2,True
INV004908,74.4,True
INV004910,47.7,True
INV004911,34.7,False
INV004913,48.3,True
INV004914,60.9,True
INV004915,56.9,True
INV004916,54.1,True
INV004917,59.3,True
INV004918,55.1,True
INV004919,50.5,True
INV004922,39.0,True
INV004924,53.1,True
INV004925,51.0,True
INV004926,43.6,True
INV004927,39.2,True
INV004930,75.0,True
INV004932,52.2,True
INV004933,45.3,True
INV004934,47.1,True
INV004938,70.0,True
INV004939,38.8,True
INV004942,25.6,False
INV004945,58.4,True
INV004947,44.6,True
INV004948,54.7,True
INV004950,73.2,True
INV004951,73.6,True
INV004953,44.8,True
INV004956,41.4,True
INV004957,68.6,True
INV004958,62.7,True
INV004959,44.2,True
INV004961,59.1,True
INV004962,38.8,True
INV004963,73.3,True
INV004967,57.9,True
INV004968,24.5,False
INV004969,46.0,True
INV004970,68.5,True
INV004972,84.8,True
INV004973,44.0,True
INV004974,36.7,True
INV004978,55.1,True
INV004980,57.7,True
INV004981,43.1,True
INV004982,52.0,True
INV004983,41.6,True
INV004984,41.1,True
INV004986,69.7,True
INV004989,61.7,True
INV004990,51.5,True
INV004992,44.5,True
INV004993,74.3,True
INV004996,41.7,True
INV004997,48.2,True
INV004998,80.2,True
INV004999,54.9,True
